support,itemset,GROUP_1,GROUP_2,ConvertedSalary,ConvertedSalary_group1,ConvertedSalary_group2,ConvertedSalary_div,length,support_count,condition
0.8643662739507777,frozenset({'Gender=Male'}),3516.0,25534.0,96477.0739959255,107004.71387940842,97056.7007519386,9948.013127469821,1,41232.0,True
0.8193576789233156,frozenset({'SexualOrientation=Straight or heterosexual'}),3356.0,23888.0,98025.35888448254,109441.76549463648,99433.04131781647,10008.724176820004,1,39085.0,True
0.7743700473774684,"frozenset({'Gender=Male', 'SexualOrientation=Straight or heterosexual'})",3159.0,22855.0,98368.07896802838,108745.59385881608,99355.17422883396,9390.41962998212,2,36939.0,True
0.6718586222799883,frozenset({'RaceEthnicity_WhiteorofEuropeandescent=1'}),2770.0,19540.0,107649.11416892883,122765.99855595668,108953.62001023542,13812.378545721265,1,32049.0,True
0.6187161963858958,"frozenset({'Gender=Male', 'RaceEthnicity_WhiteorofEuropeandescent=1'})",2543.0,18286.0,108697.04818052449,122605.92371215101,109707.6141310292,12898.309581121808,2,29514.0,True
0.59838161921932,"frozenset({'RaceEthnicity_WhiteorofEuropeandescent=1', 'SexualOrientation=Straight or heterosexual'})",2479.0,17434.0,108904.77035454036,125268.73134328358,111024.29631754044,14244.435025743136,2,28544.0,True
0.5676281916900758,"frozenset({'Gender=Male', 'RaceEthnicity_WhiteorofEuropeandescent=1', 'SexualOrientation=Straight or heterosexual'})",2340.0,16732.0,109552.88591793773,123667.0735042735,111218.64654554147,12448.42695873203,3,27077.0,True
0.500775648819756,frozenset({'Age=25 - 34 years old'}),1905.0,14495.0,92099.25636302747,96984.64199475065,93119.99868920317,3864.643305547477,1,23888.0,True
0.4551800763070731,"frozenset({'Gender=Male', 'Age=25 - 34 years old'})",1720.0,13394.0,92902.68908027449,98269.98604651162,93953.48036434225,4316.505682169372,2,21713.0,True
0.4358307827764035,"frozenset({'SexualOrientation=Straight or heterosexual', 'Age=25 - 34 years old'})",1670.0,12653.0,94124.2493987494,99633.13592814372,95433.59424642377,4199.541681719944,2,20790.0,True
0.4101714812796109,"frozenset({'Gender=Male', 'SexualOrientation=Straight or heterosexual', 'Age=25 - 34 years old'})",1561.0,12072.0,94706.87692936727,99662.38821268418,95718.99055666004,3943.3976560241426,3,19566.0,True
0.3463796067250849,"frozenset({'RaceEthnicity_WhiteorofEuropeandescent=1', 'Age=25 - 34 years old'})",1304.0,10026.0,104201.98928765963,115777.51687116564,105988.63076002394,9788.886111141706,2,16523.0,True
0.3167791706846673,"frozenset({'Gender=Male', 'RaceEthnicity_WhiteorofEuropeandescent=1', 'Age=25 - 34 years old'})",1177.0,9341.0,105575.65978426312,117247.71537807987,107115.24098062306,10132.474397456812,3,15111.0,True
0.3095048425642531,"frozenset({'RaceEthnicity_WhiteorofEuropeandescent=1', 'SexualOrientation=Straight or heterosexual', 'Age=25 - 34 years old'})",1170.0,8977.0,105352.22053643999,118527.5188034188,107199.31669822881,11328.202105189994,3,14764.0,True
0.29214707978701104,"frozenset({'RaceEthnicity_WhiteorofEuropeandescent=1', 'Gender=Male', 'SexualOrientation=Straight or heterosexual', 'Age=25 - 34 years old'})",1091.0,8597.0,106323.06163892079,118460.18240146655,107805.56391764569,10654.618483820857,4,13936.0,True
0.2662362165108381,"frozenset({'EducationParents=Bachelor’s degree (BA, BS, B.Eng., etc.)'})",1031.0,7685.0,95865.88551181102,107707.60911736179,97407.14638906962,10300.462728292172,1,12700.0,True
0.24359565636660938,"frozenset({'Gender=Male', 'EducationParents=Bachelor’s degree (BA, BS, B.Eng., etc.)'})",940.0,7127.0,96705.14061962134,111007.13829787234,98118.01838080538,12889.119917066957,2,11620.0,True
0.23382667393400697,"frozenset({'EducationParents=Bachelor’s degree (BA, BS, B.Eng., etc.)', 'SexualOrientation=Straight or heterosexual'})",920.0,6769.0,98090.61520530752,110453.10978260869,100061.03146698183,10392.078315626859,2,11154.0,True
0.22017944740262463,"frozenset({'Gender=Male', 'EducationParents=Bachelor’s degree (BA, BS, B.Eng., etc.)', 'SexualOrientation=Straight or heterosexual'})",860.0,6441.0,99049.68885080454,112048.4965116279,100755.36158981525,11293.134921812656,3,10503.0,True
0.2182717705756572,"frozenset({'Country=United States', 'RaceEthnicity_WhiteorofEuropeandescent=1'})",1049.0,6024.0,149810.9915482136,156717.59294566253,155039.57752324038,1678.0154224221478,2,10412.0,True
0.1996771623831286,"frozenset({'EducationParents=Master’s degree (MA, MS, M.Eng., MBA, etc.)'})",832.0,5678.0,98372.89910761155,110311.35697115384,99732.94522719267,10578.411743961173,1,9525.0,True
0.19531675820720304,"frozenset({'Country=United States', 'Gender=Male', 'RaceEthnicity_WhiteorofEuropeandescent=1'})",939.0,5535.0,153041.64194483202,160408.02342917997,157824.98482384824,2583.0386053317343,3,9317.0,True
0.19246572470755943,"frozenset({'Country=United States', 'RaceEthnicity_WhiteorofEuropeandescent=1', 'SexualOrientation=Straight or heterosexual'})",939.0,5345.0,152441.6360962858,161700.12353567625,159043.242282507,2656.8812531692383,3,9181.0,True
0.1899920338769863,frozenset({'Age=18 - 24 years old'}),563.0,5399.0,57583.397660818715,77800.48845470692,56781.45897388405,21019.029480822872,1,9063.0,True
0.1810406272273699,"frozenset({'Gender=Male', 'EducationParents=Master’s degree (MA, MS, M.Eng., MBA, etc.)'})",754.0,5249.0,97651.20125057898,108077.39655172414,98730.91388835969,9346.482663364455,2,8636.0,True
0.1800134166282336,"frozenset({'Country=United States', 'Gender=Male', 'RaceEthnicity_WhiteorofEuropeandescent=1', 'SexualOrientation=Straight or heterosexual'})",876.0,5087.0,154422.36706649588,161791.88926940638,160067.82425791232,1724.0650114940654,4,8587.0,True
0.17785417802188588,"frozenset({'RaceEthnicity_WhiteorofEuropeandescent=1', 'EducationParents=Bachelor’s degree (BA, BS, B.Eng., etc.)'})",716.0,5167.0,111204.24776049034,125583.78212290503,112715.8089800658,12867.973142839226,2,8484.0,True
0.17523374282000756,"frozenset({'EducationParents=Master’s degree (MA, MS, M.Eng., MBA, etc.)', 'SexualOrientation=Straight or heterosexual'})",737.0,4989.0,99717.91171192727,111758.74355495251,102461.48546802967,9297.25808692284,2,8359.0,True
0.17171187790868309,"frozenset({'Age=18 - 24 years old', 'Gender=Male'})",514.0,4959.0,57736.09791234282,78249.21011673151,56603.97640653358,21645.233710197936,2,8191.0,True
0.1643327323801937,"frozenset({'Gender=Male', 'EducationParents=Master’s degree (MA, MS, M.Eng., MBA, etc.)', 'SexualOrientation=Straight or heterosexual'})",694.0,4757.0,99257.21801250159,111192.265129683,101553.75362623502,9638.511503447982,3,7839.0,True
0.16343130267074757,"frozenset({'Gender=Male', 'RaceEthnicity_WhiteorofEuropeandescent=1', 'EducationParents=Bachelor’s degree (BA, BS, B.Eng., etc.)'})",654.0,4819.0,113064.33465879939,129018.98318042813,114558.52417514008,14460.459005288052,3,7796.0,True
0.16152362584378013,"frozenset({'EducationParents=Secondary school (e.g. American high school, German Realschule or Gymnasium, etc.)'})",632.0,4783.0,95730.64205061649,111329.69303797468,97301.45034497177,14028.242693002903,1,7705.0,True
0.1603915978365687,"frozenset({'RaceEthnicity_WhiteorofEuropeandescent=1', 'EducationParents=Bachelor’s degree (BA, BS, B.Eng., etc.)', 'SexualOrientation=Straight or heterosexual'})",660.0,4675.0,113298.89073323748,127357.88636363637,115223.23443850268,12134.651925133687,3,7651.0,True
0.15877740975221163,"frozenset({'Age=18 - 24 years old', 'SexualOrientation=Straight or heterosexual'})",471.0,4489.0,59069.136387641935,78228.19532908704,58096.20672755625,20131.988601530793,2,7574.0,True
0.1538719550542954,"frozenset({'RaceEthnicity_WhiteorofEuropeandescent=1', 'EducationParents=Master’s degree (MA, MS, M.Eng., MBA, etc.)'})",622.0,4374.0,104095.53378746595,121264.13344051447,104666.93072702333,16597.202713491148,2,7340.0,True
0.15118862940757202,"frozenset({'Gender=Male', 'RaceEthnicity_WhiteorofEuropeandescent=1', 'EducationParents=Bachelor’s degree (BA, BS, B.Eng., etc.)', 'SexualOrientation=Straight or heterosexual'})",615.0,4454.0,115132.48544093178,129052.83089430894,116929.21374045801,12123.617153850922,4,7212.0,True
0.14957444132321496,"frozenset({'EducationParents=Secondary school (e.g. American high school, German Realschule or Gymnasium, etc.)', 'Gender=Male'})",575.0,4491.0,96942.9548703574,109182.30260869565,97917.17924738365,11265.123361311998,2,7135.0,True
0.14907131776445431,"frozenset({'Age=18 - 24 years old', 'Gender=Male', 'SexualOrientation=Straight or heterosexual'})",445.0,4277.0,59140.21305020391,77066.76629213484,57462.25602057517,19604.510271559666,3,7111.0,True
0.14468995010691377,"frozenset({'EducationParents=Bachelor’s degree (BA, BS, B.Eng., etc.)', 'Age=25 - 34 years old'})",540.0,4161.0,94789.72645609968,104133.61296296296,94726.4638308099,9407.149132153063,2,6902.0,True
0.14194373401534527,"frozenset({'EducationParents=Secondary school (e.g. American high school, German Realschule or Gymnasium, etc.)', 'SexualOrientation=Straight or heterosexual'})",533.0,4215.0,97490.447496677,112896.10694183865,99126.05765124554,13770.049290593102,2,6771.0,True
0.1407697790449038,"frozenset({'Gender=Male', 'RaceEthnicity_WhiteorofEuropeandescent=1', 'EducationParents=Master’s degree (MA, MS, M.Eng., MBA, etc.)'})",572.0,4081.0,103835.11526433358,121380.73601398601,104123.23033570203,17257.505678283982,3,6715.0,True
0.1372479141335793,"frozenset({'RaceEthnicity_WhiteorofEuropeandescent=1', 'EducationParents=Master’s degree (MA, MS, M.Eng., MBA, etc.)', 'SexualOrientation=Straight or heterosexual'})",565.0,3909.0,105571.27279670078,125556.88672566372,107602.09772320287,17954.78900246085,3,6547.0,True
0.1356756530124523,"frozenset({'EducationParents=Secondary school (e.g. American high school, German Realschule or Gymnasium, etc.)', 'Gender=Male', 'SexualOrientation=Straight or heterosexual'})",506.0,4063.0,98260.24072929543,110627.81225296443,99400.30371646567,11227.50853649876,3,6472.0,True
0.1318812628401325,"frozenset({'Gender=Male', 'EducationParents=Bachelor’s degree (BA, BS, B.Eng., etc.)', 'Age=25 - 34 years old'})",489.0,3845.0,95439.54617707837,105694.25971370144,96085.97347204162,9608.286241659822,3,6291.0,True
0.12947046245440444,"frozenset({'Gender=Male', 'RaceEthnicity_WhiteorofEuropeandescent=1', 'EducationParents=Master’s degree (MA, MS, M.Eng., MBA, etc.)', 'SexualOrientation=Straight or heterosexual'})",533.0,3744.0,105367.75323834197,124335.13696060037,106799.31089743589,17535.82606316448,4,6176.0,True
0.12682906377091108,"frozenset({'SexualOrientation=Straight or heterosexual', 'EducationParents=Bachelor’s degree (BA, BS, B.Eng., etc.)', 'Age=25 - 34 years old'})",493.0,3670.0,97114.41884297521,104010.54361054767,97104.40953678475,6906.134073762922,3,6050.0,True
0.1229927466353612,"frozenset({'EducationParents=Secondary school (e.g. American high school, German Realschule or Gymnasium, etc.)', 'RaceEthnicity_WhiteorofEuropeandescent=1'})",472.0,3637.0,106008.22566899608,126419.27330508475,108803.82788012098,17615.445424963764,2,5867.0,True
0.12049809232317303,"frozenset({'Age=18 - 24 years old', 'RaceEthnicity_WhiteorofEuropeandescent=1'})",351.0,3373.0,68076.708072373,92299.78917378918,67931.77823895642,24368.010934832753,2,5748.0,True
0.11907257557335123,"frozenset({'SexualOrientation=Straight or heterosexual', 'Gender=Male', 'EducationParents=Bachelor’s degree (BA, BS, B.Eng., etc.)', 'Age=25 - 34 years old'})",457.0,3484.0,97691.52940140845,103775.78118161926,97941.11825487945,5834.662926739809,4,5680.0,True
0.11506855058488114,"frozenset({'EducationParents=Secondary school (e.g. American high school, German Realschule or Gymnasium, etc.)', 'Gender=Male', 'RaceEthnicity_WhiteorofEuropeandescent=1'})",437.0,3452.0,107054.57059573694,124985.18077803204,109354.9304750869,15630.250302945133,3,5489.0,True
0.11018405936857993,"frozenset({'EducationParents=Secondary school (e.g. American high school, German Realschule or Gymnasium, etc.)', 'RaceEthnicity_WhiteorofEuropeandescent=1', 'SexualOrientation=Straight or heterosexual'})",412.0,3267.0,107234.70643074582,129749.75242718446,110026.15059687787,19723.601830306594,3,5256.0,True
0.10972286277304935,"frozenset({'Age=18 - 24 years old', 'Gender=Male', 'RaceEthnicity_WhiteorofEuropeandescent=1'})",327.0,3119.0,68038.30187237295,90909.69724770643,67754.85668483489,23154.84056287154,3,5234.0,True
0.1069347197182508,"frozenset({'Country=United States', 'RaceEthnicity_WhiteorofEuropeandescent=1', 'Age=25 - 34 years old'})",475.0,2905.0,149763.25583218975,162686.68842105262,156922.6330464716,5764.0553745810175,3,5101.0,True
0.10584461867426942,"frozenset({'EducationParents=Secondary school (e.g. American high school, German Realschule or Gymnasium, etc.)', 'Gender=Male', 'RaceEthnicity_WhiteorofEuropeandescent=1', 'SexualOrientation=Straight or heterosexual'})",397.0,3162.0,107472.79599920777,125581.38287153652,109837.08855154965,15744.294319986875,4,5049.0,True
0.10324514695400612,"frozenset({'Age=18 - 24 years old', 'RaceEthnicity_WhiteorofEuropeandescent=1', 'SexualOrientation=Straight or heterosexual'})",300.0,2878.0,68629.9614213198,95787.99333333333,69118.51216122307,26669.48117211026,3,4925.0,True
0.09754307995471888,"frozenset({'Age=18 - 24 years old', 'Gender=Male', 'RaceEthnicity_WhiteorofEuropeandescent=1', 'SexualOrientation=Straight or heterosexual'})",291.0,2749.0,68500.20352460779,91241.61855670103,68253.3550381957,22988.263518505322,4,4653.0,True
0.09441952119407991,"frozenset({'Country=United States', 'Gender=Male', 'RaceEthnicity_WhiteorofEuropeandescent=1', 'Age=25 - 34 years old'})",417.0,2648.0,154893.07104795738,164035.78417266186,161235.31533232628,2800.468840335583,4,4504.0,True
0.09387447067208922,"frozenset({'RaceEthnicity_WhiteorofEuropeandescent=1', 'EducationParents=Bachelor’s degree (BA, BS, B.Eng., etc.)', 'Age=25 - 34 years old'})",359.0,2696.0,111033.83608753908,123568.25348189415,111320.4621661721,12247.791315722046,3,4478.0,True
0.09341327407655864,"frozenset({'Country=United States', 'RaceEthnicity_WhiteorofEuropeandescent=1', 'SexualOrientation=Straight or heterosexual', 'Age=25 - 34 years old'})",429.0,2548.0,154464.91247755836,169554.77855477855,161676.46624803767,7878.312306740874,4,4456.0,True
0.08683074084944027,"frozenset({'Gender=Male', 'Age=25 - 34 years old', 'RaceEthnicity_WhiteorofEuropeandescent=1', 'Country=United States', 'SexualOrientation=Straight or heterosexual'})",394.0,2425.0,157650.56253017866,167397.82994923857,163409.94556701032,3987.8843822282506,5,4142.0,True
0.08576160328707391,frozenset({'Country=India'}),249.0,2348.0,27694.121486189197,35687.6265060241,27564.80877342419,8122.8177325999095,1,4091.0,True
0.08563582239738375,"frozenset({'RaceEthnicity_WhiteorofEuropeandescent=1', 'Gender=Male', 'EducationParents=Bachelor’s degree (BA, BS, B.Eng., etc.)', 'Age=25 - 34 years old'})",323.0,2502.0,113039.4146878825,125398.78637770898,114285.54516386891,11113.241213840069,4,4085.0,True
0.08481824661439771,frozenset({'EducationParents=Some college/university study without earning a degree'}),389.0,2561.0,101300.67498764211,114796.0411311054,101929.82311597033,12866.218015135077,1,4046.0,True
0.08423126912917697,"frozenset({'RaceEthnicity_WhiteorofEuropeandescent=1', 'SexualOrientation=Straight or heterosexual', 'EducationParents=Bachelor’s degree (BA, BS, B.Eng., etc.)', 'Age=25 - 34 years old'})",337.0,2425.0,113177.91239422599,124971.3293768546,113497.3756701031,11473.953706751505,4,4018.0,True
0.08406356127625676,"frozenset({'RaceEthnicity_WhiteorofEuropeandescent=1', 'EducationParents=Master’s degree (MA, MS, M.Eng., MBA, etc.)', 'Age=25 - 34 years old'})",314.0,2408.0,100412.90648379052,115395.86305732484,102091.14451827243,13304.71853905241,3,4010.0,True
0.08312020460358056,frozenset({'RaceEthnicity_SouthAsian=1'}),293.0,2358.0,57887.05220680958,63193.26279863481,58383.948261238336,4809.314537396473,1,3965.0,True
0.08291056978743029,"frozenset({'EducationParents=Secondary school (e.g. American high school, German Realschule or Gymnasium, etc.)', 'Age=25 - 34 years old'})",299.0,2461.0,91428.08900126422,115062.9397993311,93432.92767167818,21630.012127652924,2,3955.0,True
0.07953544924741102,frozenset({'Country=United Kingdom'}),325.0,2347.0,128216.93094359514,133393.23076923078,130722.7319982957,2670.4987709350826,1,3794.0,True
0.07903232568865037,"frozenset({'Gender=Male', 'Age=25 - 34 years old', 'RaceEthnicity_WhiteorofEuropeandescent=1', 'EducationParents=Bachelor’s degree (BA, BS, B.Eng., etc.)', 'SexualOrientation=Straight or heterosexual'})",311.0,2306.0,115165.82466843502,124475.00643086816,115969.53469210754,8505.471738760622,5,3770.0,True
0.0783405307953545,"frozenset({'EducationParents=Some college/university study without earning a degree', 'Gender=Male'})",360.0,2405.0,102229.06422263848,114087.14722222222,102316.77588357589,11770.371338646335,2,3737.0,True
0.07699886797199279,"frozenset({'Gender=Male', 'RaceEthnicity_SouthAsian=1'})",266.0,2198.0,54727.59624285325,55581.37969924812,54705.84986351228,875.5298357358406,2,3673.0,True
0.07664248878453733,"frozenset({'Gender=Male', 'RaceEthnicity_WhiteorofEuropeandescent=1', 'EducationParents=Master’s degree (MA, MS, M.Eng., MBA, etc.)', 'Age=25 - 34 years old'})",284.0,2243.0,100434.13512035011,112231.34507042254,101249.85020062416,10981.494869798378,4,3656.0,True
0.07649574441323215,"frozenset({'EducationParents=Secondary school (e.g. American high school, German Realschule or Gymnasium, etc.)', 'Gender=Male', 'Age=25 - 34 years old'})",271.0,2301.0,93264.3280350781,118104.17712177122,94812.77009995654,23291.40702181468,3,3649.0,True
0.07576202255670622,"frozenset({'RaceEthnicity_WhiteorofEuropeandescent=1', 'EducationParents=Master’s degree (MA, MS, M.Eng., MBA, etc.)', 'SexualOrientation=Straight or heterosexual', 'Age=25 - 34 years old'})",282.0,2172.0,101503.26535694521,117879.18439716312,103957.03913443831,13922.145262724807,4,3614.0,True
0.07400109010104398,"frozenset({'EducationParents=Some college/university study without earning a degree', 'SexualOrientation=Straight or heterosexual'})",345.0,2246.0,102476.38441926346,110801.30724637682,103654.03205699021,7147.275189386608,2,3530.0,True
0.07353989350551339,"frozenset({'EducationParents=Secondary school (e.g. American high school, German Realschule or Gymnasium, etc.)', 'SexualOrientation=Straight or heterosexual', 'Age=25 - 34 years old'})",256.0,2186.0,92766.66932725199,119226.2890625,94252.06358645929,24974.22547604071,3,3508.0,True
0.07115005660140036,"frozenset({'Gender=Male', 'Age=25 - 34 years old', 'RaceEthnicity_WhiteorofEuropeandescent=1', 'EducationParents=Master’s degree (MA, MS, M.Eng., MBA, etc.)', 'SexualOrientation=Straight or heterosexual'})",262.0,2074.0,101278.24219210372,113429.35877862596,102943.55448408872,10485.804294537244,5,3394.0,True
0.07083560437717495,"frozenset({'Country=United States', 'RaceEthnicity_WhiteorofEuropeandescent=1', 'EducationParents=Bachelor’s degree (BA, BS, B.Eng., etc.)'})",324.0,1984.0,148793.28529150636,153761.17592592593,153365.67237903227,395.50354689365486,3,3379.0,True
0.07073078696909983,"frozenset({'Gender=Male', 'Country=India'})",192.0,1976.0,26055.368109069354,33145.75,26693.95394736842,6451.79605263158,2,3374.0,True
0.0706259695610247,"frozenset({'EducationParents=Some college/university study without earning a degree', 'Gender=Male', 'SexualOrientation=Straight or heterosexual'})",327.0,2167.0,102261.60284951024,108768.39755351681,102553.97461928934,6214.4229342274775,3,3369.0,True
0.07047922518971951,frozenset({'Country=Germany'}),248.0,2059.0,91850.61124330756,112974.50806451614,95013.44584749879,17961.062217017345,1,3362.0,True
0.07047922518971951,"frozenset({'Gender=Male', 'Country=United Kingdom'})",290.0,2103.0,130154.94765020821,137651.1379310345,131141.47646219685,6509.661468837643,2,3362.0,True
0.07003899207580395,"frozenset({'EducationParents=Secondary school (e.g. American high school, German Realschule or Gymnasium, etc.)', 'Gender=Male', 'SexualOrientation=Straight or heterosexual', 'Age=25 - 34 years old'})",241.0,2100.0,93803.4570487878,120781.3817427386,94736.3661904762,26045.015552262397,4,3341.0,True
0.06949394155381326,"frozenset({'RaceEthnicity_WhiteorofEuropeandescent=1', 'Country=United Kingdom'})",281.0,2054.0,129385.74992458522,134671.4056939502,132935.15433300877,1736.2513609414164,2,3315.0,True
0.06595111316087376,"frozenset({'Country=United Kingdom', 'SexualOrientation=Straight or heterosexual'})",280.0,1958.0,130024.09281627463,136271.53928571427,133152.8646578141,3118.674627900182,2,3146.0,True
0.06433692507651671,"frozenset({'Gender=Male', 'RaceEthnicity_WhiteorofEuropeandescent=1', 'Country=United Kingdom'})",261.0,1919.0,131686.3450635386,136565.5632183908,134051.68629494528,2513.876923445525,3,3069.0,True
0.06351934929353067,"frozenset({'EducationParents=Some college/university study without earning a degree', 'RaceEthnicity_WhiteorofEuropeandescent=1'})",300.0,1927.0,109350.17359735974,123104.53,113515.17695900363,9589.353040996371,2,3030.0,True
0.06286948136346485,"frozenset({'Gender=Male', 'Country=United Kingdom', 'SexualOrientation=Straight or heterosexual'})",266.0,1882.0,131072.17872624207,139963.81954887218,132734.14612114773,7229.673427724454,3,2999.0,True
0.06230346735985912,"frozenset({'Gender=Male', 'Country=Germany'})",213.0,1842.0,93078.22947510095,110480.49295774648,95270.80618892508,15209.686768821397,2,2972.0,True
0.0613391472055679,"frozenset({'EducationParents=Secondary school (e.g. American high school, German Realschule or Gymnasium, etc.)', 'RaceEthnicity_WhiteorofEuropeandescent=1', 'Age=25 - 34 years old'})",216.0,1831.0,104041.07211209842,132274.70833333334,106281.31075914801,25993.397574185336,3,2926.0,True
0.0593685799337554,"frozenset({'SexualOrientation=Straight or heterosexual', 'Country=India'})",177.0,1660.0,26371.534604519773,32469.887005649718,27494.523493975903,4975.363511673815,2,2832.0,True
0.05922183556245021,"frozenset({'RaceEthnicity_WhiteorofEuropeandescent=1', 'Country=Germany'})",205.0,1733.0,91837.48495575221,115987.95609756098,95508.63473744951,20479.32136011147,2,2825.0,True
0.05897027378306989,"frozenset({'EducationParents=Some college/university study without earning a degree', 'Gender=Male', 'RaceEthnicity_WhiteorofEuropeandescent=1'})",279.0,1814.0,109992.0412371134,119945.24731182796,113373.13230429988,6572.115007528075,3,2813.0,True
0.05756572051486311,"frozenset({'RaceEthnicity_WhiteorofEuropeandescent=1', 'Gender=Male', 'Country=United Kingdom', 'SexualOrientation=Straight or heterosexual'})",242.0,1723.0,132913.80335032774,138879.4256198347,136369.6186883343,2509.8069315004104,4,2746.0,True
0.05741897614355792,"frozenset({'Country=Germany', 'SexualOrientation=Straight or heterosexual'})",198.0,1681.0,92661.7721796276,112106.24747474748,95849.7745389649,16256.47293578257,2,2739.0,True
0.05731415873548279,"frozenset({'Age=18 - 24 years old', 'EducationParents=Bachelor’s degree (BA, BS, B.Eng., etc.)'})",163.0,1611.0,55675.867227505485,77014.32515337423,54524.54624456859,22489.778908805638,2,2734.0,True
0.05712548740094755,"frozenset({'EducationParents=Secondary school (e.g. American high school, German Realschule or Gymnasium, etc.)', 'Gender=Male', 'RaceEthnicity_WhiteorofEuropeandescent=1', 'Age=25 - 34 years old'})",196.0,1733.0,105427.89394495412,136566.33673469388,106846.79169070975,29719.545043984122,4,2725.0,True
0.05668525428703199,frozenset({'RaceEthnicity_HispanicorLatino/Latina=1'}),252.0,1709.0,83963.49815088758,117409.48809523809,78183.94499707432,39225.54309816378,1,2704.0,True
0.05662236384218691,"frozenset({'Gender=Male', 'SexualOrientation=Straight or heterosexual', 'Country=India'})",160.0,1593.0,26796.70936690115,32682.7625,27772.57438794727,4910.188112052732,3,2701.0,True
0.05618213072827135,"frozenset({'EducationParents=Some college/university study without earning a degree', 'RaceEthnicity_WhiteorofEuropeandescent=1', 'SexualOrientation=Straight or heterosexual'})",266.0,1709.0,110319.69552238807,123401.25939849624,116234.3674663546,7166.891932141647,3,2680.0,True
0.05553226279820553,frozenset({'Gender=Female'}),223.0,1234.0,88251.29369573425,102038.32286995515,92881.58508914101,9156.737780814146,1,2649.0,True
0.0551968470923651,"frozenset({'Gender=Male', 'RaceEthnicity_WhiteorofEuropeandescent=1', 'Country=Germany'})",187.0,1630.0,92889.25028484619,113948.87700534759,95936.15398773007,18012.72301761752,3,2633.0,True
0.05494528531298478,"frozenset({'EducationParents=Secondary school (e.g. American high school, German Realschule or Gymnasium, etc.)', 'RaceEthnicity_WhiteorofEuropeandescent=1', 'SexualOrientation=Straight or heterosexual', 'Age=25 - 34 years old'})",185.0,1646.0,104823.2750858451,140360.56756756757,106102.67436208992,34257.89320547765,4,2621.0,True
0.05475661397844954,"frozenset({'Gender=Male', 'Country=Germany', 'SexualOrientation=Straight or heterosexual'})",186.0,1618.0,93267.05972434916,108143.54838709677,95998.65822002472,12144.890167072052,3,2612.0,True
0.05375036686092826,"frozenset({'EducationParents=Some college/university study without earning a degree', 'Gender=Male', 'RaceEthnicity_WhiteorofEuropeandescent=1', 'SexualOrientation=Straight or heterosexual'})",253.0,1651.0,109689.3116224649,119457.1462450593,114372.02362204724,5085.122623012052,4,2564.0,True
0.05364554945285313,"frozenset({'Country=United States', 'RaceEthnicity_WhiteorofEuropeandescent=1', 'EducationParents=Master’s degree (MA, MS, M.Eng., MBA, etc.)'})",257.0,1425.0,143015.6717467761,153401.27626459143,152131.70456140352,1269.5717031879176,3,2559.0,True
0.05270219278017693,"frozenset({'EducationParents=Secondary school (e.g. American high school, German Realschule or Gymnasium, etc.)', 'Gender=Male', 'Age=25 - 34 years old', 'RaceEthnicity_WhiteorofEuropeandescent=1', 'SexualOrientation=Straight or heterosexual'})",176.0,1593.0,105285.36555290374,141378.55113636365,105833.55116133082,35544.99997503283,5,2514.0,True
0.051968470923651,"frozenset({'Age=18 - 24 years old', 'Gender=Male', 'EducationParents=Bachelor’s degree (BA, BS, B.Eng., etc.)'})",150.0,1492.0,56881.44614764018,81953.16,55665.056300268094,26288.10369973191,3,2479.0,True
0.051968470923651,"frozenset({'Gender=Male', 'RaceEthnicity_HispanicorLatino/Latina=1'})",224.0,1604.0,84133.41468334006,109110.18303571429,77934.4632169576,31175.719818756683,2,2479.0,True
0.05161209173619555,"frozenset({'RaceEthnicity_WhiteorofEuropeandescent=1', 'Country=Germany', 'SexualOrientation=Straight or heterosexual'})",176.0,1511.0,92581.57961007311,115892.47159090909,96667.89146260754,19224.580128301546,3,2462.0,True
0.05033331935767892,"frozenset({'RaceEthnicity_HispanicorLatino/Latina=1', 'SexualOrientation=Straight or heterosexual'})",223.0,1543.0,83839.24239900042,105486.34080717489,79114.72326636422,26371.617540810665,2,2401.0,True
